{
  "models_trained": [
    "NeuralCDE",
    "SHRED_LSTM",
    "MLP",
    "SHREDAttention"
  ],
  "dataset": {
    "total_samples": 8711,
    "train_samples": 6968,
    "valid_samples": 871,
    "test_samples": 872,
    "num_sensors": 5,
    "cf_datasets_used": "(8750, 200)",
    "il_datasets_used": "(8750, 200)"
  },
  "model_parameters": {
    "NeuralCDE": 79420,
    "SHRED_LSTM": 166038,
    "MLP": 259606,
    "SHREDAttention": 284184
  },
  "test_performance_rmse_percent": {
    "NeuralCDE": {
      "CF": 63.57472610473633,
      "IL": 110.57032012939453
    },
    "SHRED_LSTM": {
      "CF": 99.99790954589844,
      "IL": 99.98653411865234
    },
    "MLP": {
      "CF": 103.23853302001953,
      "IL": 134.51959228515625
    },
    "SHREDAttention": {
      "CF": 94.70854949951172,
      "IL": 134.942626953125
    }
  },
  "best_model_cf": "NeuralCDE",
  "best_model_il": "SHRED_LSTM",
  "timestamp": "2026-03-05T11:59:20.612331"
}