{
  "cf_weights": [
    0.2058865052541488,
    0.14110462525511117,
    0.04448431476488772,
    0.03303362634200026,
    0.021676615472735295,
    0.017307177584738008,
    0.013327090178777225,
    0.009395085307443339,
    0.008017534676979689,
    0.00576742516317846
  ],
  "il_weights": [
    0.1618123617421992,
    0.09542979348050827,
    0.06474414053463338,
    0.03315851284989829,
    0.02672969851832719,
    0.024840305388489033,
    0.02087428079667951,
    0.017912556352037885,
    0.015657210471158686,
    0.01422448504677639,
    0.013780805352043488,
    0.010835849467248597
  ],
  "total_cf_weight": 0.5,
  "total_il_weight": 0.49999999999999994
}